2022-12-11,10:44 PM,https://apple.com/shop/product/G0ZMKLL/A/refurbished-16-inch-macbook-pro-26ghz-6-core-intel-core-i7-with-retina-display-space-gray?fnode=732d05b4eaaa8292df43f06ac60f6a2d70942b134e6928f4e47891fe2e3f03173cceb8b50cc124d6f7302a431f11c6753fb9d590e6dc0f61ca4bccdfac4ca0d0d495b1e59a31d4139dece501a8e2d2b5,Refurbished 16-inch MacBook Pro 2.6GHz 6-core Intel Core i7 with Retina display - Space Gray,"$2,289.00",32GB of 2666MHz DDR4 onboard memory,1TB SSD
2022-12-11,10:44 PM,https://apple.com/shop/product/G0Y00LL/A/refurbished-16-inch-macbook-pro-23ghz-8-core-intel-core-i9-with-retina-display-space-gray?fnode=732d05b4eaaa8292df43f06ac60f6a2d70942b134e6928f4e47891fe2e3f03173cceb8b50cc124d6f7302a431f11c6753fb9d590e6dc0f61ca4bccdfac4ca0d0d495b1e59a31d4139dece501a8e2d2b5,Refurbished 16-inch MacBook Pro 2.3GHz 8-core Intel Core i9 with Retina display - Space Gray,"$2,369.00",16GB of 2666MHz DDR4 onboard memory,2TB SSD
2022-12-11,10:44 PM,https://apple.com/shop/product/G0Y04LL/A/refurbished-16-inch-macbook-pro-23ghz-8-core-intel-core-i9-with-retina-display-space-gray?fnode=732d05b4eaaa8292df43f06ac60f6a2d70942b134e6928f4e47891fe2e3f03173cceb8b50cc124d6f7302a431f11c6753fb9d590e6dc0f61ca4bccdfac4ca0d0d495b1e59a31d4139dece501a8e2d2b5,Refurbished 16-inch MacBook Pro 2.3GHz 8-core Intel Core i9 with Retina display - Space Gray,"$2,439.00",16GB of 2666MHz DDR4 onboard memory,2TB SSD
2022-12-11,10:44 PM,https://apple.com/shop/product/G0XZ2LL/A/refurbished-16-inch-macbook-pro-26ghz-6-core-intel-core-i7-with-retina-display-space-gray?fnode=732d05b4eaaa8292df43f06ac60f6a2d70942b134e6928f4e47891fe2e3f03173cceb8b50cc124d6f7302a431f11c6753fb9d590e6dc0f61ca4bccdfac4ca0d0d495b1e59a31d4139dece501a8e2d2b5,Refurbished 16-inch MacBook Pro 2.6GHz 6-core Intel Core i7 with Retina display - Space Gray,"$2,669.00",16GB of 2666MHz DDR4 onboard memory,4TB SSD
2022-12-12,06:14 PM,https://apple.com/shop/product/FVVJ2LL/A/refurbished-16-inch-macbook-pro-26ghz-6-core-intel-core-i7-with-retina-display-space-gray?fnode=e8f22171ef44bc38818d45027b3fa60aaee43162790a921980f68c7e0940c2964a37c23600c6544da86b0120f92a6fe5d3d9dfe11adea0a54147bbc1dcadd2c8db1ec0dfd659dcbec55a686587fd0532,Refurbished 16-inch MacBook Pro 2.6GHz 6-core Intel Core i7 with Retina display - Space Gray,"$1,749.00",16GB of 2666MHz DDR4 onboard memory,512GB SSD
2022-12-12,06:14 PM,https://apple.com/shop/product/FVVL2LL/A/refurbished-16-inch-macbook-pro-26ghz-6-core-intel-core-i7-with-retina-display-silver?fnode=e8f22171ef44bc38818d45027b3fa60aaee43162790a921980f68c7e0940c2964a37c23600c6544da86b0120f92a6fe5d3d9dfe11adea0a54147bbc1dcadd2c8db1ec0dfd659dcbec55a686587fd0532,Refurbished 16-inch MacBook Pro 2.6GHz 6-core Intel Core i7 with Retina display- Silver,"$1,749.00",16GB of 2666MHz DDR4 onboard memory,512GB SSD
2022-12-12,06:14 PM,https://apple.com/shop/product/G0XZ0LL/A/refurbished-16-inch-macbook-pro-26ghz-6-core-intel-core-i7-with-retina-display-space-gray?fnode=e8f22171ef44bc38818d45027b3fa60aaee43162790a921980f68c7e0940c2964a37c23600c6544da86b0120f92a6fe5d3d9dfe11adea0a54147bbc1dcadd2c8db1ec0dfd659dcbec55a686587fd0532,Refurbished 16-inch MacBook Pro 2.6GHz 6-core Intel Core i7 with Retina display - Space Gray,"$1,909.00",16GB of 2666MHz DDR4 onboard memory,1TB SSD
2022-12-12,06:14 PM,https://apple.com/shop/product/G0XZ9LL/A/refurbished-16-inch-macbook-pro-26ghz-6-core-intel-core-i7-with-retina-display-space-gray?fnode=e8f22171ef44bc38818d45027b3fa60aaee43162790a921980f68c7e0940c2964a37c23600c6544da86b0120f92a6fe5d3d9dfe11adea0a54147bbc1dcadd2c8db1ec0dfd659dcbec55a686587fd0532,Refurbished 16-inch MacBook Pro 2.6GHz 6-core Intel Core i7 with Retina display - Space Gray,"$2,059.00",32GB of 2666MHz DDR4 onboard memory,512GB SSD
2022-12-12,06:14 PM,https://apple.com/shop/product/FVVK2LL/A/refurbished-16-inch-macbook-pro-23ghz-8-core-intel-core-i9-with-retina-display-space-gray?fnode=e8f22171ef44bc38818d45027b3fa60aaee43162790a921980f68c7e0940c2964a37c23600c6544da86b0120f92a6fe5d3d9dfe11adea0a54147bbc1dcadd2c8db1ec0dfd659dcbec55a686587fd0532,Refurbished 16-inch MacBook Pro 2.3GHz 8-core Intel Core i9 with Retina display - Space Gray,"$2,059.00",16GB of 2666MHz DDR4 onboard memory,1TB SSD
2022-12-12,06:14 PM,https://apple.com/shop/product/FVVM2LL/A/refurbished-16-inch-macbook-pro-23ghz-8-core-intel-core-i9-with-retina-display-silver?fnode=e8f22171ef44bc38818d45027b3fa60aaee43162790a921980f68c7e0940c2964a37c23600c6544da86b0120f92a6fe5d3d9dfe11adea0a54147bbc1dcadd2c8db1ec0dfd659dcbec55a686587fd0532,Refurbished 16-inch MacBook Pro 2.3GHz 8-core Intel Core i9 with Retina display- Silver,"$2,059.00",16GB of 2666MHz DDR4 onboard memory,1TB SSD
2022-12-12,06:14 PM,https://apple.com/shop/product/G0Y07LL/A/refurbished-16-inch-macbook-pro-23ghz-8-core-intel-core-i9-with-retina-display-space-gray?fnode=e8f22171ef44bc38818d45027b3fa60aaee43162790a921980f68c7e0940c2964a37c23600c6544da86b0120f92a6fe5d3d9dfe11adea0a54147bbc1dcadd2c8db1ec0dfd659dcbec55a686587fd0532,Refurbished 16-inch MacBook Pro 2.3GHz 8-core Intel Core i9 with Retina display - Space Gray,"$2,369.00",32GB of 2666MHz DDR4 onboard memory,1TB SSD
2022-12-12,06:14 PM,https://apple.com/shop/product/G0ZN1LL/A/refurbished-16-inch-macbook-pro-24ghz-8-core-intel-core-i9-with-retina-display-space-gray?fnode=e8f22171ef44bc38818d45027b3fa60aaee43162790a921980f68c7e0940c2964a37c23600c6544da86b0120f92a6fe5d3d9dfe11adea0a54147bbc1dcadd2c8db1ec0dfd659dcbec55a686587fd0532,Refurbished 16-inch MacBook Pro 2.4GHz 8-core Intel Core i9 with Retina display - Space Gray,"$2,589.00",32GB of 2666MHz DDR4 onboard memory,1TB SSD
2022-12-12,06:14 PM,https://apple.com/shop/product/G0Y0CLL/A/refurbished-16-inch-macbook-pro-23ghz-8-core-intel-core-i9-with-retina-display-space-gray?fnode=e8f22171ef44bc38818d45027b3fa60aaee43162790a921980f68c7e0940c2964a37c23600c6544da86b0120f92a6fe5d3d9dfe11adea0a54147bbc1dcadd2c8db1ec0dfd659dcbec55a686587fd0532,Refurbished 16-inch MacBook Pro 2.3GHz 8-core Intel Core i9 with Retina display - Space Gray,"$2,739.00",32GB of 2666MHz DDR4 onboard memory,2TB SSD
2022-12-12,06:14 PM,https://apple.com/shop/product/G0ZNBLL/A/refurbished-16-inch-macbook-pro-24ghz-8-core-intel-core-i9-with-retina-display-space-gray?fnode=e8f22171ef44bc38818d45027b3fa60aaee43162790a921980f68c7e0940c2964a37c23600c6544da86b0120f92a6fe5d3d9dfe11adea0a54147bbc1dcadd2c8db1ec0dfd659dcbec55a686587fd0532,Refurbished 16-inch MacBook Pro 2.4GHz 8-core Intel Core i9 with Retina display - Space Gray,"$3,659.00",64GB of 2666MHz DDR4 onboard memory,4TB SSD
2022-12-12,06:14 PM,https://apple.com/shop/product/G0ZNCLL/A/refurbished-16-inch-macbook-pro-24ghz-8-core-intel-core-i9-with-retina-display-space-gray?fnode=e8f22171ef44bc38818d45027b3fa60aaee43162790a921980f68c7e0940c2964a37c23600c6544da86b0120f92a6fe5d3d9dfe11adea0a54147bbc1dcadd2c8db1ec0dfd659dcbec55a686587fd0532,Refurbished 16-inch MacBook Pro 2.4GHz 8-core Intel Core i9 with Retina display - Space Gray,"$4,579.00",64GB of 2666MHz DDR4 onboard memory,8TB SSD
